account_code,account_type,master_account_code,sub_entity_id,currency,category,country,status
PLATFORM_CASH.GLOBAL.EUR,PLATFORM_CASH,GLOBAL,NULL,EUR,ASSET,NL,ACTIVE
PSP_RECEIVABLE.GLOBAL.EUR,PSP_RECEIVABLE,GLOBAL,NULL,EUR,ASSET,NL,ACTIVE
AUTH_RECEIVABLE.GLOBAL.EUR,AUTH_RECEIVABLE,GLOBAL,NULL,EUR,ASSET,NL,ACTIVE
AUTH_LIABILITY.GLOBAL.EUR,AUTH_LIABILITY,GLOBAL,NULL,EUR,LIABILITY,NL,ACTIVE
PSP_FEE_EXPENSE.GLOBAL.EUR,PSP_FEE_EXPENSE,GLOBAL,NULL,EUR,EXPENSE,NL,ACTIVE
PLATFORM_REVENUE.GLOBAL.EUR,PLATFORM_REVENUE,GLOBAL,NULL,EUR,REVENUE,NL,ACTIVE
CAPTURE_SUSPENSE.MARKETPLACE-1.EUR,CAPTURE_SUSPENSE,MARKETPLACE-1,NULL,EUR,LIABILITY,NL,ACTIVE
MERCHANT_DIRECT_PAYABLE.MARKETPLACE-1.EUR,MERCHANT_DIRECT_PAYABLE,MARKETPLACE-1,NULL,EUR,LIABILITY,NL,ACTIVE
MERCHANT_COMMISSION_PAYABLE.MARKETPLACE-1.EUR,MERCHANT_COMMISSION_PAYABLE,MARKETPLACE-1,NULL,EUR,LIABILITY,NL,ACTIVE
PLATFORM_FEE_RESERVE.MARKETPLACE-1.EUR,PLATFORM_FEE_RESERVE,MARKETPLACE-1,NULL,EUR,LIABILITY,NL,ACTIVE
SELLER_PAYABLE.MARKETPLACE-1.SELLER-1-1.EUR,SELLER_PAYABLE,MARKETPLACE-1,SELLER-1-1,EUR,LIABILITY,NL,ACTIVE
SELLER_PAYABLE.MARKETPLACE-1.SELLER-1-2.EUR,SELLER_PAYABLE,MARKETPLACE-1,SELLER-1-2,EUR,LIABILITY,NL,ACTIVE
SELLER_PAYABLE.MARKETPLACE-1.SELLER-1-3.EUR,SELLER_PAYABLE,MARKETPLACE-1,SELLER-1-3,EUR,LIABILITY,NL,ACTIVE
SELLER_PAYABLE.MARKETPLACE-1.SELLER-1-4.EUR,SELLER_PAYABLE,MARKETPLACE-1,SELLER-1-4,EUR,LIABILITY,NL,ACTIVE
SELLER_PAYABLE.MARKETPLACE-1.SELLER-1-5.EUR,SELLER_PAYABLE,MARKETPLACE-1,SELLER-1-5,EUR,LIABILITY,NL,ACTIVE
SELLER_PAYABLE.MARKETPLACE-1.SELLER-1-6.EUR,SELLER_PAYABLE,MARKETPLACE-1,SELLER-1-6,EUR,LIABILITY,NL,ACTIVE
SELLER_PAYABLE.MARKETPLACE-1.SELLER-1-7.EUR,SELLER_PAYABLE,MARKETPLACE-1,SELLER-1-7,EUR,LIABILITY,NL,ACTIVE
SELLER_PAYABLE.MARKETPLACE-1.SELLER-1-8.EUR,SELLER_PAYABLE,MARKETPLACE-1,SELLER-1-8,EUR,LIABILITY,NL,ACTIVE
SELLER_PAYABLE.MARKETPLACE-1.SELLER-1-9.EUR,SELLER_PAYABLE,MARKETPLACE-1,SELLER-1-9,EUR,LIABILITY,NL,ACTIVE
SELLER_PAYABLE.MARKETPLACE-1.SELLER-1-10.EUR,SELLER_PAYABLE,MARKETPLACE-1,SELLER-1-10,EUR,LIABILITY,NL,ACTIVE
CAPTURE_SUSPENSE.MARKETPLACE-2.EUR,CAPTURE_SUSPENSE,MARKETPLACE-2,NULL,EUR,LIABILITY,NL,ACTIVE
MERCHANT_DIRECT_PAYABLE.MARKETPLACE-2.EUR,MERCHANT_DIRECT_PAYABLE,MARKETPLACE-2,NULL,EUR,LIABILITY,NL,ACTIVE
MERCHANT_COMMISSION_PAYABLE.MARKETPLACE-2.EUR,MERCHANT_COMMISSION_PAYABLE,MARKETPLACE-2,NULL,EUR,LIABILITY,NL,ACTIVE
PLATFORM_FEE_RESERVE.MARKETPLACE-2.EUR,PLATFORM_FEE_RESERVE,MARKETPLACE-2,NULL,EUR,LIABILITY,NL,ACTIVE
SELLER_PAYABLE.MARKETPLACE-2.SELLER-2-1.EUR,SELLER_PAYABLE,MARKETPLACE-2,SELLER-2-1,EUR,LIABILITY,NL,ACTIVE
SELLER_PAYABLE.MARKETPLACE-2.SELLER-2-2.EUR,SELLER_PAYABLE,MARKETPLACE-2,SELLER-2-2,EUR,LIABILITY,NL,ACTIVE
SELLER_PAYABLE.MARKETPLACE-2.SELLER-2-3.EUR,SELLER_PAYABLE,MARKETPLACE-2,SELLER-2-3,EUR,LIABILITY,NL,ACTIVE
SELLER_PAYABLE.MARKETPLACE-2.SELLER-2-4.EUR,SELLER_PAYABLE,MARKETPLACE-2,SELLER-2-4,EUR,LIABILITY,NL,ACTIVE
SELLER_PAYABLE.MARKETPLACE-2.SELLER-2-5.EUR,SELLER_PAYABLE,MARKETPLACE-2,SELLER-2-5,EUR,LIABILITY,NL,ACTIVE
SELLER_PAYABLE.MARKETPLACE-2.SELLER-2-6.EUR,SELLER_PAYABLE,MARKETPLACE-2,SELLER-2-6,EUR,LIABILITY,NL,ACTIVE
SELLER_PAYABLE.MARKETPLACE-2.SELLER-2-7.EUR,SELLER_PAYABLE,MARKETPLACE-2,SELLER-2-7,EUR,LIABILITY,NL,ACTIVE
SELLER_PAYABLE.MARKETPLACE-2.SELLER-2-8.EUR,SELLER_PAYABLE,MARKETPLACE-2,SELLER-2-8,EUR,LIABILITY,NL,ACTIVE
SELLER_PAYABLE.MARKETPLACE-2.SELLER-2-9.EUR,SELLER_PAYABLE,MARKETPLACE-2,SELLER-2-9,EUR,LIABILITY,NL,ACTIVE
SELLER_PAYABLE.MARKETPLACE-2.SELLER-2-10.EUR,SELLER_PAYABLE,MARKETPLACE-2,SELLER-2-10,EUR,LIABILITY,NL,ACTIVE
CAPTURE_SUSPENSE.MARKETPLACE-3.EUR,CAPTURE_SUSPENSE,MARKETPLACE-3,NULL,EUR,LIABILITY,NL,ACTIVE
MERCHANT_DIRECT_PAYABLE.MARKETPLACE-3.EUR,MERCHANT_DIRECT_PAYABLE,MARKETPLACE-3,NULL,EUR,LIABILITY,NL,ACTIVE
MERCHANT_COMMISSION_PAYABLE.MARKETPLACE-3.EUR,MERCHANT_COMMISSION_PAYABLE,MARKETPLACE-3,NULL,EUR,LIABILITY,NL,ACTIVE
PLATFORM_FEE_RESERVE.MARKETPLACE-3.EUR,PLATFORM_FEE_RESERVE,MARKETPLACE-3,NULL,EUR,LIABILITY,NL,ACTIVE
SELLER_PAYABLE.MARKETPLACE-3.SELLER-3-1.EUR,SELLER_PAYABLE,MARKETPLACE-3,SELLER-3-1,EUR,LIABILITY,NL,ACTIVE
SELLER_PAYABLE.MARKETPLACE-3.SELLER-3-2.EUR,SELLER_PAYABLE,MARKETPLACE-3,SELLER-3-2,EUR,LIABILITY,NL,ACTIVE
SELLER_PAYABLE.MARKETPLACE-3.SELLER-3-3.EUR,SELLER_PAYABLE,MARKETPLACE-3,SELLER-3-3,EUR,LIABILITY,NL,ACTIVE
SELLER_PAYABLE.MARKETPLACE-3.SELLER-3-4.EUR,SELLER_PAYABLE,MARKETPLACE-3,SELLER-3-4,EUR,LIABILITY,NL,ACTIVE
SELLER_PAYABLE.MARKETPLACE-3.SELLER-3-5.EUR,SELLER_PAYABLE,MARKETPLACE-3,SELLER-3-5,EUR,LIABILITY,NL,ACTIVE
SELLER_PAYABLE.MARKETPLACE-3.SELLER-3-6.EUR,SELLER_PAYABLE,MARKETPLACE-3,SELLER-3-6,EUR,LIABILITY,NL,ACTIVE
SELLER_PAYABLE.MARKETPLACE-3.SELLER-3-7.EUR,SELLER_PAYABLE,MARKETPLACE-3,SELLER-3-7,EUR,LIABILITY,NL,ACTIVE
SELLER_PAYABLE.MARKETPLACE-3.SELLER-3-8.EUR,SELLER_PAYABLE,MARKETPLACE-3,SELLER-3-8,EUR,LIABILITY,NL,ACTIVE
SELLER_PAYABLE.MARKETPLACE-3.SELLER-3-9.EUR,SELLER_PAYABLE,MARKETPLACE-3,SELLER-3-9,EUR,LIABILITY,NL,ACTIVE
SELLER_PAYABLE.MARKETPLACE-3.SELLER-3-10.EUR,SELLER_PAYABLE,MARKETPLACE-3,SELLER-3-10,EUR,LIABILITY,NL,ACTIVE
CAPTURE_SUSPENSE.MARKETPLACE-4.EUR,CAPTURE_SUSPENSE,MARKETPLACE-4,NULL,EUR,LIABILITY,NL,ACTIVE
MERCHANT_DIRECT_PAYABLE.MARKETPLACE-4.EUR,MERCHANT_DIRECT_PAYABLE,MARKETPLACE-4,NULL,EUR,LIABILITY,NL,ACTIVE
MERCHANT_COMMISSION_PAYABLE.MARKETPLACE-4.EUR,MERCHANT_COMMISSION_PAYABLE,MARKETPLACE-4,NULL,EUR,LIABILITY,NL,ACTIVE
PLATFORM_FEE_RESERVE.MARKETPLACE-4.EUR,PLATFORM_FEE_RESERVE,MARKETPLACE-4,NULL,EUR,LIABILITY,NL,ACTIVE
SELLER_PAYABLE.MARKETPLACE-4.SELLER-4-1.EUR,SELLER_PAYABLE,MARKETPLACE-4,SELLER-4-1,EUR,LIABILITY,NL,ACTIVE
SELLER_PAYABLE.MARKETPLACE-4.SELLER-4-2.EUR,SELLER_PAYABLE,MARKETPLACE-4,SELLER-4-2,EUR,LIABILITY,NL,ACTIVE
SELLER_PAYABLE.MARKETPLACE-4.SELLER-4-3.EUR,SELLER_PAYABLE,MARKETPLACE-4,SELLER-4-3,EUR,LIABILITY,NL,ACTIVE
SELLER_PAYABLE.MARKETPLACE-4.SELLER-4-4.EUR,SELLER_PAYABLE,MARKETPLACE-4,SELLER-4-4,EUR,LIABILITY,NL,ACTIVE
SELLER_PAYABLE.MARKETPLACE-4.SELLER-4-5.EUR,SELLER_PAYABLE,MARKETPLACE-4,SELLER-4-5,EUR,LIABILITY,NL,ACTIVE
SELLER_PAYABLE.MARKETPLACE-4.SELLER-4-6.EUR,SELLER_PAYABLE,MARKETPLACE-4,SELLER-4-6,EUR,LIABILITY,NL,ACTIVE
SELLER_PAYABLE.MARKETPLACE-4.SELLER-4-7.EUR,SELLER_PAYABLE,MARKETPLACE-4,SELLER-4-7,EUR,LIABILITY,NL,ACTIVE
SELLER_PAYABLE.MARKETPLACE-4.SELLER-4-8.EUR,SELLER_PAYABLE,MARKETPLACE-4,SELLER-4-8,EUR,LIABILITY,NL,ACTIVE
SELLER_PAYABLE.MARKETPLACE-4.SELLER-4-9.EUR,SELLER_PAYABLE,MARKETPLACE-4,SELLER-4-9,EUR,LIABILITY,NL,ACTIVE
SELLER_PAYABLE.MARKETPLACE-4.SELLER-4-10.EUR,SELLER_PAYABLE,MARKETPLACE-4,SELLER-4-10,EUR,LIABILITY,NL,ACTIVE
CAPTURE_SUSPENSE.MARKETPLACE-5.EUR,CAPTURE_SUSPENSE,MARKETPLACE-5,NULL,EUR,LIABILITY,NL,ACTIVE
MERCHANT_DIRECT_PAYABLE.MARKETPLACE-5.EUR,MERCHANT_DIRECT_PAYABLE,MARKETPLACE-5,NULL,EUR,LIABILITY,NL,ACTIVE
MERCHANT_COMMISSION_PAYABLE.MARKETPLACE-5.EUR,MERCHANT_COMMISSION_PAYABLE,MARKETPLACE-5,NULL,EUR,LIABILITY,NL,ACTIVE
PLATFORM_FEE_RESERVE.MARKETPLACE-5.EUR,PLATFORM_FEE_RESERVE,MARKETPLACE-5,NULL,EUR,LIABILITY,NL,ACTIVE
SELLER_PAYABLE.MARKETPLACE-5.SELLER-5-1.EUR,SELLER_PAYABLE,MARKETPLACE-5,SELLER-5-1,EUR,LIABILITY,NL,ACTIVE
SELLER_PAYABLE.MARKETPLACE-5.SELLER-5-2.EUR,SELLER_PAYABLE,MARKETPLACE-5,SELLER-5-2,EUR,LIABILITY,NL,ACTIVE
SELLER_PAYABLE.MARKETPLACE-5.SELLER-5-3.EUR,SELLER_PAYABLE,MARKETPLACE-5,SELLER-5-3,EUR,LIABILITY,NL,ACTIVE
SELLER_PAYABLE.MARKETPLACE-5.SELLER-5-4.EUR,SELLER_PAYABLE,MARKETPLACE-5,SELLER-5-4,EUR,LIABILITY,NL,ACTIVE
SELLER_PAYABLE.MARKETPLACE-5.SELLER-5-5.EUR,SELLER_PAYABLE,MARKETPLACE-5,SELLER-5-5,EUR,LIABILITY,NL,ACTIVE
SELLER_PAYABLE.MARKETPLACE-5.SELLER-5-6.EUR,SELLER_PAYABLE,MARKETPLACE-5,SELLER-5-6,EUR,LIABILITY,NL,ACTIVE
SELLER_PAYABLE.MARKETPLACE-5.SELLER-5-7.EUR,SELLER_PAYABLE,MARKETPLACE-5,SELLER-5-7,EUR,LIABILITY,NL,ACTIVE
SELLER_PAYABLE.MARKETPLACE-5.SELLER-5-8.EUR,SELLER_PAYABLE,MARKETPLACE-5,SELLER-5-8,EUR,LIABILITY,NL,ACTIVE
SELLER_PAYABLE.MARKETPLACE-5.SELLER-5-9.EUR,SELLER_PAYABLE,MARKETPLACE-5,SELLER-5-9,EUR,LIABILITY,NL,ACTIVE
SELLER_PAYABLE.MARKETPLACE-5.SELLER-5-10.EUR,SELLER_PAYABLE,MARKETPLACE-5,SELLER-5-10,EUR,LIABILITY,NL,ACTIVE
